treatment,prop_no_growth,l_ci,u_ci
100C,1,0.6637329,1
20C,0.33,0.07485463,0.70070494
